<?xml version="1.0" encoding="UTF-8"?>
<project-private xmlns="http://www.netbeans.org/ns/project-private/1">
    <editor-bookmarks xmlns="http://www.netbeans.org/ns/editor-bookmarks/2" lastBookmarkId="1">
        <file>
            <url>src/librarymanagementsystem/Category.java</url>
            <bookmark id="1">
                <name/>
                <line>369</line>
                <key/>
            </bookmark>
        </file>
    </editor-bookmarks>
    <open-files xmlns="http://www.netbeans.org/ns/projectui-open-files/2">
        <group>
            <file>file:/C:/Users/Abu%20Ayman/Documents/NetBeansProjects/LibraryManagementSystem/src/librarymanagementsystem/Book.java</file>
            <file>file:/C:/Users/Abu%20Ayman/Documents/NetBeansProjects/LibraryManagementSystem/src/librarymanagementsystem/Main.java</file>
            <file>file:/C:/Users/Abu%20Ayman/Documents/NetBeansProjects/LibraryManagementSystem/src/librarymanagementsystem/Borrower_book.java</file>
        </group>
    </open-files>
</project-private>
